[
  {
    "id":       "avoid_flv_streaming",
    "label":    "Avoid .flv files when streaming",
    "type":     "bool",
    "default":  "false"
  },
  {
    "id":       "avoid_flv_downloading",
    "label":    "Avoid .flv files when downloading",
    "type":     "bool",
    "default":  "false"
  },
  {
    "id":       "download_limit",
    "label":    "Limit download speed (KB/s)",
    "type":     "enum",
    "values":   [ "0", "100", "200", "300", "500", "800", "1300", "2100" ],
    "default":  "0"
  },
  {
    "id":       "download_strategy",
    "label":    "Download using",
    "type":     "enum",
    "values":   [ "auto", "curl", "wget" ],
    "default":  "auto"
  }
]
