{
  "title": "SS-Plex",

  "heading.favorites":  "Favorites",
  "heading.search":     "Search",
  "heading.download":   "Downloads",
  "heading.system":     "System",
  "heading.refresh":    "Refresh",
  "heading.error":      "Whoops",

  "search.heading.add":      "Save this search",
  "search.heading.remove":   "Remove this search",
  "search.heading.saved":    "Saved Searches",
  "search.prompt":           "Search for ...",
  "search.response.added":   "Your search has been saved.",
  "search.response.removed": "Your search has been removed.",

  "system.heading.dispatch-force":          "Repair Downloads",
  "system.heading.status":                  "Information",
  "system.heading.reset":                   "Reset",
  "system.heading.reset-favorites":         "Favorites",
  "system.heading.reset-search":            "Saved Searches",
  "system.heading.reset-download-history":  "Download History",
  "system.heading.reset-download-failed":   "Failed Downloads",
  "system.heading.reset-ss-cache":          "Cache",
  "system.heading.reset-factory":           "Everything",
  "system.heading.preferences":             "Preferences",
  "system.heading.sync-favorites":          "Sync Favorites",

  "system.status.version":            "Version %s",
  "system.status.movie-destination":  "Movies will be downloaded to %s",
  "system.status.show-destination":   "TV Shows will be downloaded to %s",
  "system.status.download-strategy":  "Media will be downloaded with %s",

  "system.warning.reset-favorites":         "Are you sure?",
  "system.warning.reset-search":            "Are you sure?",
  "system.warning.reset-download-history":  "Are you sure?",
  "system.warning.reset-download-failed":   "Are you sure?",
  "system.warning.reset-ss-cache":          "Are you sure?",
  "system.warning.reset-factory":           "Are you sure?",

  "system.response.reset-favorites":         "Your favorites have been reset.",
  "system.response.reset-search":            "Your saved searches have been reset.",
  "system.response.reset-download-history":  "Your download history has been reset.",
  "system.response.reset-download-failed":   "Your list of failed downloads has been reset.",
  "system.response.reset-ss-cache":          "Everything will be fresh.",
  "system.response.reset-factory":           "Everything has been reset.",

  "media.watch-now":    "Watch Now",
  "media.watch-later":  "Watch Later",
  "media.all-sources":  "View All Sources",
  "media.persisted":    "Already in library",

  "favorites.heading.remove":    "- Remove from Favorites",
  "favorites.heading.add":       "+ Add to Favorites",
  "favorites.heading.migrate":   "Update Favorites",
  "favorites.response.added":    "%s was added to your favorites.",
  "favorites.response.removed":  "%s was removed from your favorites.",
  "favorites.response.sync":     "Please wait a few seconds before entering your favorites.",

  "generic.flag-persisted":   "\u21E3 %s",
  "generic.flag-favorite":    "\u2605 %s",
  "generic.flag-new-content": "\u25C9 %s",

  "download.heading.next":            "Try next source",
  "download.heading.cancel":          "Remove download",
  "download.heading.repair":          "Repair Downloads",
  "download.heading.retry":           "Retry download",
  "download.heading.force-success":   "Force Success",
  "download.heading.force-failure":   "Force Failure",
  "download.response.added":          "%s will be downloaded shortly.",
  "download.response.exists":         "%s is already in your library.",
  "download.response.cancel":         "%s will not be downloaded.",
  "download.response.next":           "The next source will be attempted.",
  "download.response.remove-failed":  "The failed download has been removed.",
  "download.response.not-found":      "Download for %s could not be found.",
  "download.response.force-success":  "Glad to see.",
  "download.response.force-failure":  "Please try again later.",

  "confirm.yes":     "Confirm",
  "confirm.no":      "No",
  "confirm.ok":      "Okay",
  "confirm.cancel":  "Cancel",

  "updater.label.updating":     "Updating ...",
  "updater.label.update-now":   "Update Now",
  "updater.response.updating":  "Please wait while the channel is updating."
}
